Face Moisturizer,Concealer,Pressed Powder,
Matte Foundation,Concealer,Pressed Powder,
Shampoo,Hair Conditioner,Hair Brush,
Hair Elastics,Hair Brush,Shampoo,
Body Lotion,Face Moistrurizer,,
Hair Dryer,Hair Brush,Hair Eslastics,
Matte Foundation,Face Moistrurizer,Concealer,
Pressed Powder,Concealer,,
Shampoo,Hair Conditioner,,
Hair Dryer,Shampoo,Hair Conditioner,
Body Lotion,Hair Elastics,Hair Brush,
Face Moisturizer,Matte Foundation,Pressed Powder,
Concealer,Matte Foundation,,
Hair Brush,Shampoo,Hair Conditioner,Hair Eslastics
Body Lotion,Face Moistrurizer,Pressed Powder,
Hair Dryer,Hair,,
Matte Foundation,Concealer,Pressed Powder,Face Moisturizer
Shampoo,Hair Conditioner,Body Lotion,
Hair Elastics,Hair Brush,,
Face Moisturizer,Concealer,Body Lotion,
